{
  "model_path": "models/baseline_text_dominant.pt",
  "model_name": "Baseline (Text-Dominant)",
  "text_off_metrics": {
    "acc2": 0.5198170731707317,
    "acc7": 0.1880466472303207,
    "f1": 0.522278517413995,
    "mae": "2.0467203",
    "corr": 0.04326459912142645
  },
  "noise_sweeps": [
    {
      "model": "Baseline (Text-Dominant)",
      "noise_type": "gaussian",
      "results": [
        [
          0.0,
          {
            "acc2": 0.7682926829268293,
            "acc7": 0.30466472303207,
            "f1": 0.7679340576988144,
            "mae": "1.1960884",
            "corr": 0.5041806010012228
          }
        ],
        [
          0.1,
          {
            "acc2": 0.7103658536585366,
            "acc7": 0.2915451895043732,
            "f1": 0.7107620097857514,
            "mae": "1.351482",
            "corr": 0.4002057234474976
          }
        ],
        [
          0.2,
          {
            "acc2": 0.7012195121951219,
            "acc7": 0.2696793002915452,
            "f1": 0.7020905593540261,
            "mae": "1.3855928",
            "corr": 0.3766250245320716
          }
        ],
        [
          0.3,
          {
            "acc2": 0.6722560975609756,
            "acc7": 0.2653061224489796,
            "f1": 0.6741339860870129,
            "mae": "1.474417",
            "corr": 0.34203049276337527
          }
        ],
        [
          0.5,
          {
            "acc2": 0.6509146341463414,
            "acc7": 0.239067055393586,
            "f1": 0.6530223864505216,
            "mae": "1.5180515",
            "corr": 0.33812611234436313
          }
        ],
        [
          0.7,
          {
            "acc2": 0.6082317073170732,
            "acc7": 0.24635568513119532,
            "f1": 0.6106139985237042,
            "mae": "1.6307821",
            "corr": 0.23223106660450732
          }
        ],
        [
          1.0,
          {
            "acc2": 0.5670731707317073,
            "acc7": 0.21282798833819241,
            "f1": 0.5696774851313036,
            "mae": "1.7246113",
            "corr": 0.1500310163053071
          }
        ]
      ]
    },
    {
      "model": "Baseline (Text-Dominant)",
      "noise_type": "token_dropout",
      "results": [
        [
          0.0,
          {
            "acc2": 0.7682926829268293,
            "acc7": 0.30466472303207,
            "f1": 0.7679340576988144,
            "mae": "1.1960884",
            "corr": 0.5041806010012228
          }
        ],
        [
          0.1,
          {
            "acc2": 0.7378048780487805,
            "acc7": 0.2915451895043732,
            "f1": 0.7381635035955223,
            "mae": "1.3033772",
            "corr": 0.42711822003151084
          }
        ],
        [
          0.2,
          {
            "acc2": 0.7134146341463414,
            "acc7": 0.2653061224489796,
            "f1": 0.714971051080451,
            "mae": "1.3772837",
            "corr": 0.4053145798904774
          }
        ],
        [
          0.3,
          {
            "acc2": 0.6905487804878049,
            "acc7": 0.2725947521865889,
            "f1": 0.6923809895020864,
            "mae": "1.4976919",
            "corr": 0.32806190451063755
          }
        ],
        [
          0.5,
          {
            "acc2": 0.6173780487804879,
            "acc7": 0.24198250728862974,
            "f1": 0.6189955749849607,
            "mae": "1.7300534",
            "corr": 0.17861152767598587
          }
        ],
        [
          0.7,
          {
            "acc2": 0.5990853658536586,
            "acc7": 0.21282798833819241,
            "f1": 0.5991794608681211,
            "mae": "1.8058068",
            "corr": 0.17660769809912577
          }
        ],
        [
          1.0,
          {
            "acc2": 0.5198170731707317,
            "acc7": 0.1880466472303207,
            "f1": 0.522278517413995,
            "mae": "2.0467203",
            "corr": 0.04326459912142645
          }
        ]
      ]
    }
  ]
}