{
  "model_path": "models/baseline_text_dominant.pt",
  "model_name": "Baseline (Text-Dominant)",
  "text_off_metrics": {
    "acc2": 0.5198170731707317,
    "acc7": 0.1880466472303207,
    "f1": 0.522278517413995,
    "mae": "2.0467203",
    "corr": 0.04326459912142645
  },
  "noise_sweeps": [
    {
      "model": "Baseline (Text-Dominant)",
      "noise_type": "gaussian",
      "results": [
        [
          0.0,
          {
            "acc2": 0.7682926829268293,
            "acc7": 0.30466472303207,
            "f1": 0.7679340576988144,
            "mae": "1.1960884",
            "corr": 0.5041806010012228
          }
        ],
        [
          0.1,
          {
            "acc2": 0.7362804878048781,
            "acc7": 0.2944606413994169,
            "f1": 0.7364667379270365,
            "mae": "1.2839893",
            "corr": 0.45255151208139904
          }
        ],
        [
          0.2,
          {
            "acc2": 0.7134146341463414,
            "acc7": 0.28717201166180756,
            "f1": 0.7145241400149194,
            "mae": "1.3559039",
            "corr": 0.3916879681411962
          }
        ],
        [
          0.3,
          {
            "acc2": 0.6585365853658537,
            "acc7": 0.25072886297376096,
            "f1": 0.6603910395852183,
            "mae": "1.5035714",
            "corr": 0.3272389816669819
          }
        ],
        [
          0.5,
          {
            "acc2": 0.6280487804878049,
            "acc7": 0.24052478134110788,
            "f1": 0.6302916324107062,
            "mae": "1.5707239",
            "corr": 0.2633050717077204
          }
        ],
        [
          0.7,
          {
            "acc2": 0.6189024390243902,
            "acc7": 0.23760932944606414,
            "f1": 0.6209554181030417,
            "mae": "1.624174",
            "corr": 0.25044312851606326
          }
        ],
        [
          1.0,
          {
            "acc2": 0.6112804878048781,
            "acc7": 0.23469387755102042,
            "f1": 0.613342504148075,
            "mae": "1.6128522",
            "corr": 0.2515761222878802
          }
        ]
      ]
    },
    {
      "model": "Baseline (Text-Dominant)",
      "noise_type": "token_dropout",
      "results": [
        [
          0.0,
          {
            "acc2": 0.7682926829268293,
            "acc7": 0.30466472303207,
            "f1": 0.7679340576988144,
            "mae": "1.1960884",
            "corr": 0.5041806010012228
          }
        ],
        [
          0.1,
          {
            "acc2": 0.7439024390243902,
            "acc7": 0.29737609329446063,
            "f1": 0.7444609253806727,
            "mae": "1.2734936",
            "corr": 0.45418269788884963
          }
        ],
        [
          0.2,
          {
            "acc2": 0.7134146341463414,
            "acc7": 0.2813411078717201,
            "f1": 0.7150498059034645,
            "mae": "1.3860302",
            "corr": 0.4041464659535307
          }
        ],
        [
          0.3,
          {
            "acc2": 0.6859756097560976,
            "acc7": 0.25801749271137026,
            "f1": 0.6878772227652001,
            "mae": "1.5243683",
            "corr": 0.302599267967169
          }
        ],
        [
          0.5,
          {
            "acc2": 0.6478658536585366,
            "acc7": 0.23469387755102042,
            "f1": 0.6491573602549212,
            "mae": "1.6340866",
            "corr": 0.25443496952302064
          }
        ],
        [
          0.7,
          {
            "acc2": 0.5533536585365854,
            "acc7": 0.2055393586005831,
            "f1": 0.5515311886874806,
            "mae": "1.9022108",
            "corr": 0.1200369545879875
          }
        ],
        [
          1.0,
          {
            "acc2": 0.5198170731707317,
            "acc7": 0.1880466472303207,
            "f1": 0.522278517413995,
            "mae": "2.0467203",
            "corr": 0.04326459912142645
          }
        ]
      ]
    }
  ]
}