{
  "model_path": "models/robust_hybrid_best.pt",
  "model_name": "Ours (Balanced)",
  "text_off_metrics": {
    "acc2": 0.4222560975609756,
    "acc7": 0.14285714285714285,
    "f1": 0.2507287010169137,
    "mae": 2.3803935050964355,
    "corr": 0.003480366777476556
  },
  "noise_sweeps": [
    {
      "model": "Ours (Balanced)",
      "noise_type": "gaussian",
      "results": [
        [
          0.0,
          {
            "acc2": 0.7652439024390244,
            "acc7": 0.3032069970845481,
            "f1": 0.7665833516443273,
            "mae": 1.2002671957015991,
            "corr": 0.5324045916023508
          }
        ],
        [
          0.1,
          {
            "acc2": 0.698170731707317,
            "acc7": 0.2594752186588921,
            "f1": 0.6999864156901342,
            "mae": 1.4014334678649902,
            "corr": 0.38167063773329957
          }
        ],
        [
          0.2,
          {
            "acc2": 0.6737804878048781,
            "acc7": 0.25510204081632654,
            "f1": 0.6757069087553761,
            "mae": 1.4324829578399658,
            "corr": 0.3547411977436066
          }
        ],
        [
          0.3,
          {
            "acc2": 0.6478658536585366,
            "acc7": 0.24635568513119532,
            "f1": 0.6500071348598274,
            "mae": 1.4894800186157227,
            "corr": 0.3126606327654414
          }
        ],
        [
          0.5,
          {
            "acc2": 0.6539634146341463,
            "acc7": 0.23177842565597667,
            "f1": 0.6560200727898976,
            "mae": 1.4753886461257935,
            "corr": 0.3113365026179027
          }
        ],
        [
          0.7,
          {
            "acc2": 0.6600609756097561,
            "acc7": 0.2536443148688047,
            "f1": 0.6620813930931592,
            "mae": 1.4563896656036377,
            "corr": 0.31668391042731486
          }
        ],
        [
          1.0,
          {
            "acc2": 0.5929878048780488,
            "acc7": 0.23177842565597667,
            "f1": 0.5954627922405797,
            "mae": 1.6058064699172974,
            "corr": 0.2014782677823579
          }
        ]
      ]
    },
    {
      "model": "Ours (Balanced)",
      "noise_type": "token_dropout",
      "results": [
        [
          0.0,
          {
            "acc2": 0.7652439024390244,
            "acc7": 0.3032069970845481,
            "f1": 0.7665833516443273,
            "mae": 1.2002671957015991,
            "corr": 0.5324045916023508
          }
        ],
        [
          0.1,
          {
            "acc2": 0.7332317073170732,
            "acc7": 0.28425655976676384,
            "f1": 0.7346468165722083,
            "mae": 1.3230077028274536,
            "corr": 0.47237134376136336
          }
        ],
        [
          0.2,
          {
            "acc2": 0.7057926829268293,
            "acc7": 0.26822157434402333,
            "f1": 0.706365021480455,
            "mae": 1.420189380645752,
            "corr": 0.4396651882698568
          }
        ],
        [
          0.3,
          {
            "acc2": 0.6615853658536586,
            "acc7": 0.24052478134110788,
            "f1": 0.6562051247876917,
            "mae": 1.5729105472564697,
            "corr": 0.3831148862322516
          }
        ],
        [
          0.5,
          {
            "acc2": 0.5762195121951219,
            "acc7": 0.21282798833819241,
            "f1": 0.5558539811588592,
            "mae": 1.8211127519607544,
            "corr": 0.26345182288652275
          }
        ],
        [
          0.7,
          {
            "acc2": 0.5137195121951219,
            "acc7": 0.18221574344023322,
            "f1": 0.4523091950781671,
            "mae": 2.0490522384643555,
            "corr": 0.2000789598981283
          }
        ],
        [
          1.0,
          {
            "acc2": 0.4222560975609756,
            "acc7": 0.14285714285714285,
            "f1": 0.2507287010169137,
            "mae": 2.3803935050964355,
            "corr": 0.003480366777476556
          }
        ]
      ]
    },
    {
      "model": "Baseline (Text-Dominant)",
      "noise_type": "gaussian",
      "results": [
        [
          0.0,
          {
            "acc2": 0.7698170731707317,
            "acc7": 0.30029154518950435,
            "f1": 0.7695230848973938,
            "mae": 1.1853013038635254,
            "corr": 0.5118503678095842
          }
        ],
        [
          0.1,
          {
            "acc2": 0.7027439024390244,
            "acc7": 0.282798833819242,
            "f1": 0.703213093380818,
            "mae": 1.354251742362976,
            "corr": 0.3864875165614951
          }
        ],
        [
          0.2,
          {
            "acc2": 0.6676829268292683,
            "acc7": 0.2696793002915452,
            "f1": 0.6696867863341556,
            "mae": 1.4485665559768677,
            "corr": 0.35391230337129637
          }
        ],
        [
          0.3,
          {
            "acc2": 0.6600609756097561,
            "acc7": 0.260932944606414,
            "f1": 0.6621025821151308,
            "mae": 1.4648445844650269,
            "corr": 0.3446410795866675
          }
        ],
        [
          0.5,
          {
            "acc2": 0.6326219512195121,
            "acc7": 0.24927113702623907,
            "f1": 0.6344327739980505,
            "mae": 1.5861271619796753,
            "corr": 0.26849957660091883
          }
        ],
        [
          0.7,
          {
            "acc2": 0.6097560975609756,
            "acc7": 0.24927113702623907,
            "f1": 0.6093715850711212,
            "mae": 1.638313889503479,
            "corr": 0.2641885020776988
          }
        ],
        [
          1.0,
          {
            "acc2": 0.6082317073170732,
            "acc7": 0.22157434402332363,
            "f1": 0.6103098963374717,
            "mae": 1.6736395359039307,
            "corr": 0.1917834931999594
          }
        ]
      ]
    },
    {
      "model": "Baseline (Text-Dominant)",
      "noise_type": "token_dropout",
      "results": [
        [
          0.0,
          {
            "acc2": 0.7698170731707317,
            "acc7": 0.30029154518950435,
            "f1": 0.7695230848973938,
            "mae": 1.1853013038635254,
            "corr": 0.5118503678095842
          }
        ],
        [
          0.1,
          {
            "acc2": 0.7332317073170732,
            "acc7": 0.28425655976676384,
            "f1": 0.7339623890273206,
            "mae": 1.2911807298660278,
            "corr": 0.44114912103004217
          }
        ],
        [
          0.2,
          {
            "acc2": 0.6966463414634146,
            "acc7": 0.2784256559766764,
            "f1": 0.698157374681978,
            "mae": 1.3965257406234741,
            "corr": 0.36702181699034503
          }
        ],
        [
          0.3,
          {
            "acc2": 0.6798780487804879,
            "acc7": 0.2565597667638484,
            "f1": 0.681602551206555,
            "mae": 1.503717064857483,
            "corr": 0.3380752922336772
          }
        ],
        [
          0.5,
          {
            "acc2": 0.600609756097561,
            "acc7": 0.21574344023323616,
            "f1": 0.599792916018183,
            "mae": 1.7430758476257324,
            "corr": 0.21136948751975598
          }
        ],
        [
          0.7,
          {
            "acc2": 0.5945121951219512,
            "acc7": 0.239067055393586,
            "f1": 0.5932227538560206,
            "mae": 1.7694605588912964,
            "corr": 0.19134100084281205
          }
        ],
        [
          1.0,
          {
            "acc2": 0.5213414634146342,
            "acc7": 0.19970845481049562,
            "f1": 0.523542806961375,
            "mae": 2.0050292015075684,
            "corr": 0.0416766684016432
          }
        ]
      ]
    }
  ]
}